=================Output =====================================
=User who started it: no user

Requestnumber,UserID,OS,hostname,Action, Message
3, test_user3, Linux, localhost, idavailability, ID:test_user3 Exists, Groups : grp1 Details Last password change     : Oct 27, 2020 Password expires     : never Password inactive     : never Account expires      : never Id Lock status: test_user3 P 10/27/2020 90 99999 7 -1
4, test_user4, Linux, localhost, idavailability, ID :test_user4 doesnt exist
5, test_user5, Linux, localhost, idavailability, ID:test_user5 Exists, Groups : test_user5 wsadmin db2admin Details Last password change     : password must be changed Password expires     : password must be changed Password inactive     : password must be changed Account expires      : Sep 09, 2020 Id Lock status: test_user5 P 01/01/1970 0 99999 7 -1
