Requestnumber,UserID,Age_date,Homedirectory,Label,Groups,Password,OS,hostname,Action,SecondaryGroups
RITM123456,test_user1,,/home/testeduser,,,testuser1password,Linux,atlinux8-dws-ansible-com,Creation,db2admin|wsadmin
RITM123333,test_user441,2020-08-22,,744/I/0086h9/IBM/testusesr441,,testuser441password,Linux,atlinux8-dws-ansible-com,Creation,
RITM123456,test_user1,,,744/I/0086h9/IBM/testusesr1,grp1,12345678,Linux,atlinux8-dws-ansible-com,Passwordreset,
RITM123333,test_user441,2020-08-22,,744/I/0086h9/IBM/testusesr441,grp1,87654321,Linux,atlinux8-dws-ansible-com,Passwordreset,
RITM123456,test_user1,,,744/I/0086h9/IBM/testusesr1,grp1,12345678,Linux,atlinux8-dws-ansible-com,Deleteuser,
RITM123333,test_user441,2020-08-22,,744/I/0086h9/IBM/testusesr441,grp1,87654321,Linux,atlinux8-dws-ansible-com,Deleteuser,

